objectid,geoid20,name20,aland20,awater20,pop20,county,island,tractname,st_areashape,st_perimetershape
1,15001020702,207.02,3080600,0,4647,Hawaii,Hawaii,Hilo:  Kawailani,3090932.82598466,7782.95609148272
2,15001021800,218,365110254,37900489,6979,Hawaii,Hawaii,North Kohala,366136519.45562,106349.598390727
3,15003003102,31.02,3894342,0,3345,Honolulu,Oahu,Upper Manoa,3892712.31279106,11928.3989214283
4,15003003404,34.04,263249,0,4517,Honolulu,Oahu,Makiki Fire Station,263132.544319123,2142.41073110754
5,15003007508,75.08,1987009,0,6994,Honolulu,Oahu,Stadium Mall,1986031.38731333,7229.7996982102
6,15003006704,67.04,18294135,0,7162,Honolulu,Oahu,Moanalua Valley,18285817.206915,28788.4049753743
7,15003004202,42.02,221911,0,1922,Honolulu,Oahu,Central Middle School,221809.767954863,2132.10836918529
8,15003002102,21.02,395044,7280,1839,Honolulu,Oahu,Kaimuki High School,402150.598901484,2838.39542676857
9,15003009302,93.02,830363,25168,3324,Honolulu,Oahu,Wahiawa District Park,855062.622984668,5931.4508579961
10,15003003606,36.06,224398,0,3058,Honolulu,Oahu,Sheridan Community Park,224297.084286528,2438.94184201577
11,15003003409,34.09,80215,0,1901,Honolulu,Oahu,Wilder Avenue-Liholiho Street,80180.784323718,1234.63433845582
12,15003000122,1.22,1181078,0,3112,Honolulu,Oahu,Kaiser High School,1180668.15077724,6941.59239858094
13,15003002302,23.02,150309,0,2087,Honolulu,Oahu,Moiliili Hongwanji Mission,150244.120094978,1904.76105642085
14,15003008627,86.27,73514932,10282,9793,Honolulu,Oahu,Honouliuli National Historic Site,73483377.601022,48604.7086111838
15,15003008631,86.31,4329637,0,3226,Honolulu,Oahu,Makakilo Heights Neighborhood Park,4327103.85408015,18457.1427581014
16,15003008937,89.37,252134,0,1737,Honolulu,Oahu,Farrington Highway-Leoku Street,251996.271599484,2083.40042636705
17,15003981802,9818.02,2133892,1413221,948,Honolulu,Oahu,Mokapu Point,2056045.68668694,8039.65135460384
18,15003004702,47.02,759377,0,2477,Honolulu,Oahu,St Francis Medical Center,759033.832753714,4289.48362126621
19,15003008704,87.04,1958714,0,3331,Honolulu,Oahu,Waipahu High School,1957681.28840845,8214.93178869856
20,15003011401,114.01,2035975,819639,1759,Honolulu,Oahu,Lehua Community Park,2034918.22719018,8260.0053927286
21,15003006814,68.14,78867,0,2442,Honolulu,Oahu,Ala Ilima Street-Ala Lilikoi Street,78829.1772509856,1316.01212986257
22,15003008624,86.24,929674,0,3069,Honolulu,Oahu,Fort Weaver Road-Aawa Drive,929165.840382544,4553.88904011425
23,15003008625,86.25,722543,0,4032,Honolulu,Oahu,Fort Weaver Road-Renton Road,722146.487927347,4143.49875946269
24,15003002701,27.01,1496245,0,4078,Honolulu,Oahu,UH Manoa Campus,1495606.1649949,5598.54848334821
25,15003005700,57,3996513,1945740,2483,Honolulu,Oahu,Iwilei-Anuenue,4029798.98049846,14519.1166278963
26,15003006301,63.01,782622,0,4068,Honolulu,Oahu,Kalihi Valley Park,782260.195874849,5687.66728441096
27,15003006302,63.02,661184,0,3152,Honolulu,Oahu,Kalena Drive,660881.354492506,3728.86069483704
28,15003006401,64.01,201017,0,2362,Honolulu,Oahu,Gulick Avenue-Likelike,200925.113262957,2199.60955181129
29,15003005800,58,509559,0,3322,Honolulu,Oahu,Waiakamilo Road,509323.871843542,3051.40670105294
30,15003004000,40,298042,0,1627,Honolulu,Oahu,Financial District,297909.019327157,2170.60464809895
31,15003008802,88.02,1093724,0,5304,Honolulu,Oahu,Waipahu Uka Neighborhood Park,1093132.22892012,4851.79343188698
32,15003008933,89.33,4010652,0,3223,Honolulu,Oahu,Kealohi Neighborhood Park,4008464.27296799,13247.8967155966
33,15003007812,78.12,738037,0,2164,Honolulu,Oahu,Newtown Neighborhood Park,737661.803656143,5282.44241162453
34,15003003900,39,995333,424713,559,Honolulu,Oahu,Civic Center,1000457.0089734,7151.20023059717
35,15003005900,59,2141336,481065,2994,Honolulu,Oahu,Mokauea Street,2140925.79406065,8505.17036478364
36,15003006402,64.02,2532978,0,6393,Honolulu,Oahu,Kamanaiki Street,2531848.01184338,12097.382960602
37,15003981300,9813,1891419,5848,252,Honolulu,Oahu,Mapunapuna Industrial,1896358.44952919,5711.49228487326
38,15003008629,86.29,265563,0,2110,Honolulu,Oahu,Kekuilani Loop,265413.531609625,2347.60526344694
39,15003008943,89.43,487814,0,1372,Honolulu,Oahu,Meheu Street,487551.637954859,3314.97343925789
40,15003008628,86.28,642920,0,3847,Honolulu,Oahu,The Villas at Aeloa,642551.743647841,3499.3984097929
41,15003008623,86.23,5164904,0,4408,Honolulu,Oahu,UH West Oahu,5161981.38638369,11177.7721999506
42,15003009610,96.10,1797455,2833890,7105,Honolulu,Oahu,Maili Beach Park,1839259.06046363,7608.63293974544
43,15003008633,86.33,1196041,0,2726,Honolulu,Oahu,Maukalani Neighborhood Park,1195352.64755686,5566.24428243184
44,15003010102,101.02,20575607,4473082,2414,Honolulu,Oahu,Sunset Beach,20564336.5450099,24085.486558351
45,15003981801,9818.01,906843,0,2402,Honolulu,Oahu,Marine Corps Exchange,906494.664147139,4831.46388526625
46,15003981803,9818.03,2767847,1247052,3292,Honolulu,Oahu,Nuupia Ponds,3626687.52070503,8480.03762739235
47,15003008932,89.32,800421,0,2645,Honolulu,Oahu,Kamaio Neighborhood Park,799982.382258325,4877.72581580976
48,15003008012,80.12,798335,0,2933,Honolulu,Oahu,Pearl City Highlands Elementary School,797924.591302456,4080.10809306663
49,15003008414,84.14,1708755,0,2168,Honolulu,Oahu,Keanui Drive-Hoomahana Street,1707831.97641091,5734.79529976872
50,15003006816,68.16,210265,0,2411,Honolulu,Oahu,Likini Street-Aila Street,210162.047617335,2080.32887932661
51,15003006703,67.03,1886969,0,1725,Honolulu,Oahu,Tripler Hospital,1886074.71999897,6739.80930143269
52,15003006815,68.15,86899,0,2165,Honolulu,Oahu,Ala Ilima Street-Ala Napuaa Place,86857.1663240549,1698.85388636815
53,15003004102,41.02,514325,0,2438,Honolulu,Oahu,The Queen's Medical Center,514091.693290067,3553.52987858272
54,15003000119,1.19,653897,78646,2195,Honolulu,Oahu,Kalanipuu,653670.521842853,4684.39059031408
55,15003004302,43.02,389154,0,3313,Honolulu,Oahu,Kawananakoa Middle School,388979.796135731,3003.16663394763
56,15003004301,43.01,943838,0,2273,Honolulu,Oahu,Punchbowl Cemetery,943417.690826138,3828.54701575202
57,15003004201,42.01,36887,0,1602,Honolulu,Oahu,Kukui Plaza,36870.1648360585,837.382991445564
58,15003003701,37.01,156903,13647,2522,Honolulu,Oahu,Hawaii Convention Center,170474.704327759,2010.37007336914
59,15003008417,84.17,402636,0,3661,Honolulu,Oahu,Kolowaka Drive-Fort Weaver Road,402414.88325204,3347.97979700012
60,15003009511,95.11,941267,0,2546,Honolulu,Oahu,Solomon Elementary School,940730.204736968,5072.01910244626
61,15003010509,105.09,403788,0,2087,Honolulu,Oahu,Kamehameha Highway-Lilipuna Road,403619.870931348,2539.87396870625
62,15003008630,86.30,727988,0,2779,Honolulu,Oahu,Makakilo Community Park,727566.088130186,5150.80977630118
63,15003009201,92.01,1380781,0,3423,Honolulu,Oahu,Iliahi Elementary School,1380044.37754381,7837.3060386487
64,15003009202,92.02,1209872,3166,2762,Honolulu,Oahu,Peterson's Upland Farm,1212384.11039359,5796.4149559521
65,15003010101,101.01,6891823,2378458,2892,Honolulu,Oahu,Pupukea,6930694.62923683,15533.7236269303
66,15003009301,93.01,361794,31557,1575,Honolulu,Oahu,Wahiawa General Hospital,393134.939660325,3323.6090056146
67,15003004701,47.01,623557,0,2305,Honolulu,Oahu,Alewa Heights,623276.423648293,4828.61532922917
68,15003002101,21.01,720536,51662,1746,Honolulu,Oahu,Ala Wai Golf Course,771867.727377922,4088.20676496252
69,15003002205,22.05,184155,5552,1888,Honolulu,Oahu,Iolani School,189624.850274996,2096.39914764336
70,15003002203,22.03,168580,35864,1836,Honolulu,Oahu,Ala Wai Community Park,204353.605760361,2776.0819147628
71,15003008941,89.41,730558,0,1934,Honolulu,Oahu,Mililani Waena Elementary School,730162.740306732,3414.14595159299
72,15003009509,95.09,752714,0,2643,Honolulu,Oahu,Hewitt Street-Parrish Street,752284.551921302,4647.96421202579
73,15003009512,95.12,2641912,4701,4735,Honolulu,Oahu,Waianae Avenue,2645129.19321173,9120.28378622983
74,15003009609,96.09,5056278,0,5070,Honolulu,Oahu,Maili Hawaiian Homeland,5053174.57487044,10510.5423937616
75,15003008010,80.10,514016,0,2439,Honolulu,Oahu,Waimano Home Rd Hoomoana St,513749.740892346,3000.47792175774
76,15003011600,116,6047435,0,2023,Honolulu,Oahu,Tantalus,6044831.24889534,13805.3883253125
77,15003003414,34.14,250749,0,4118,Honolulu,Oahu,Punahou Square Park,250639.075781677,2636.6741314053
78,15003001102,11.02,508034,0,2249,Honolulu,Oahu,Palolo Valley District Park,507826.72429372,4016.84801058047
79,15003003104,31.04,875154,0,2175,Honolulu,Oahu,Woodlawn Drive-Alani Drive,874788.626843553,3977.76745349713
80,15003006000,60,715504,0,5661,Honolulu,Oahu,Umi Street,715166.013352673,3763.31202593305
81,15003004900,49,411409,0,3351,Honolulu,Oahu,Lanakila,411222.455972524,2687.98989821297
82,15003005000,50,548142,0,4106,Honolulu,Oahu,Kuakini,547894.027279233,3014.70208935254
83,15003005100,51,190352,0,2905,Honolulu,Oahu,Foster Botanical Garden,190264.668554326,1919.25069251931
84,15003006100,61,475859,0,4517,Honolulu,Oahu,Kalihi Waena,475637.081800656,2915.36149320232
85,15003010310,103.10,3132685,182966,2497,Honolulu,Oahu,Heeia State Park,3131339.76403672,10795.668511279
86,15003003605,36.05,154110,0,1036,Honolulu,Oahu,Sheridan Street-Makaloa Street,154042.628081646,1573.4855453056
87,15003007002,70.02,1510730,0,2163,Honolulu,Oahu,Aliamanu Middle & Elementary School,1509989.41580419,5292.56445278987
88,15003009402,94.02,556741,205779,3843,Honolulu,Oahu,Medical Arts Clinic Wahiawa,762098.343382599,6149.47996897837
89,15003001602,16.02,304941,0,1784,Honolulu,Oahu,Fort Ruger Market,304811.705743592,2508.28322426629
90,15003940006,9400.06,1451659,2427763,2446,Honolulu,Oahu,Nanakuli Beach Park,1450784.164547,7799.35500820764
91,15003010204,102.04,13782634,1421212,2836,Honolulu,Oahu,Hauula,13775870.7498436,20308.0937311669
92,15003010103,101.03,50767945,11704468,3292,Honolulu,Oahu,Turtle Bay,50741343.2724371,38511.0229723425
93,15003009401,94.01,624390,374428,1471,Honolulu,Oahu,Kaala Elementary School,998263.64998881,6383.98438303751
94,15003009803,98.03,846850,5201969,2825,Honolulu,Oahu,Lahilahi Point,846310.410900648,6526.38587236387
95,15003008009,80.09,987809,0,2760,Honolulu,Oahu,Pearl Highlands Center,987295.703579253,7328.7213316555
96,15003008008,80.08,487911,0,1655,Honolulu,Oahu,Manana Housing,487652.430800063,3785.63727681121
97,15003008626,86.26,2387388,0,3973,Honolulu,Oahu,Ewa Villages Golf Course,2386064.06963048,8376.15866498292
98,15003001400,14,504676,0,2655,Honolulu,Oahu,Kapaolono Field,504461.9468636,2915.48019628528
99,15003005300,53,349446,0,4302,Honolulu,Oahu,Aala,349286.818164791,2456.58084765426
100,15003005500,55,215737,0,2157,Honolulu,Oahu,Palama,215637.688317144,2143.51875577971
101,15003001700,17,1379208,1263788,2333,Honolulu,Oahu,Kapiolani Park,1378620.32014329,6857.57735624382
102,15003006203,62.03,489736,0,6425,Honolulu,Oahu,Fern Elementary School,489505.674190511,3834.17821435706
103,15003008707,87.07,820236,0,6985,Honolulu,Oahu,Waipahu District Park,819801.970124524,4000.06644462382
104,15003000120,1.20,2220182,0,2624,Honolulu,Oahu,Kamilo Iki Neighborhood Park,2219432.18488745,7910.05938182469
105,15003982000,9820,4214479,0,1060,Honolulu,Oahu,Fort Shafter,4212537.01637252,15505.4782372283
106,15003000115,1.15,3081925,0,2774,Honolulu,Oahu,Hahaione Valley Neighborhood Park,3080811.7068316,9955.84961958041
107,15003002301,23.01,215142,164,3293,Honolulu,Oahu,Kuhio Elementary School,215212.836399004,2300.40314472315
108,15003007815,78.15,19911213,0,2034,Honolulu,Oahu,Pearl City High School,19901582.2771999,32112.2477853556
109,15003009906,99.06,87666397,7880220,1921,Honolulu,Oahu,Mokuleia,87621214.4609302,62239.8993443244
110,15003940005,9400.05,15402137,0,2367,Honolulu,Oahu,Nanakuli High & Intermediate School,15392970.4378597,20428.0297170803
111,15003001501,15.01,222817,0,1473,Honolulu,Oahu,Kapahulu: 4th Avenue,222723.210917337,2046.74962097362
112,15003981700,9817,5677257,1976910,2841,Honolulu,Oahu,Kaneohe Klipper Golf Course,5672004.58187876,13834.6166440663
113,15003004801,48.01,2989071,0,3079,Honolulu,Oahu,Kamehameha Schools,2987724.07272481,12060.2474184061
114,15003008418,84.18,1075597,413753,5762,Honolulu,Oahu,Ewa Beach Park,1075016.8257613,8004.49324469643
115,15003007817,78.17,761145,0,1631,Honolulu,Oahu,Pono Street,760767.498698548,6978.32216498462
116,15003006810,68.10,995766,0,2374,Honolulu,Oahu,Aliamanu Makai,995276.872696923,5692.27225130029
117,15003004802,48.02,500881,0,3873,Honolulu,Oahu,Puukamalii Cemetery,500651.834454661,3559.36926909888
118,15003009804,98.04,1801516,0,3660,Honolulu,Oahu,Makaha Elementary School,1800376.74113416,6773.00312392374
119,15003009510,95.10,381874,0,1255,Honolulu,Oahu,Hendrich Street-Kolekole Avenue,381654.964180689,2659.60600351172
120,15003009706,97.06,3895343,0,3196,Honolulu,Oahu,Kaupuni Neighborhood Park,3892947.41084908,14266.8686697925
121,15003007816,78.16,11168179,0,3443,Honolulu,Oahu,Kaonohi Street,11162900.9677285,30338.9108295012
122,15003007813,78.13,527724,0,2880,Honolulu,Oahu,Waiau Elementary School,527453.337795674,3159.63648663465
123,15003007507,75.07,22403629,0,6626,Honolulu,Oahu,Camp H.M. Smith,22393174.5932652,24838.0702212619
124,15003006812,68.12,539083,0,1363,Honolulu,Oahu,Moanalua High School,538822.805672547,4452.26046144886
125,15003001906,19.06,87351,5646,2877,Honolulu,Oahu,Eaton Square,92956.1744539857,1480.42827978994
126,15003003504,35.04,235254,0,2712,Honolulu,Oahu,Shriner's Hospital for Children,235149.474505603,1915.27848085034
127,15003007814,78.14,1513537,0,3416,Honolulu,Oahu,Nahele Neighborhood Park,1512778.59525642,6649.14931618676
128,15003008935,89.35,692774,0,3931,Honolulu,Oahu,Kupuohi Neighborhood Park,692391.985702619,4257.75741318817
129,15003008946,89.46,586530,0,2910,Honolulu,Oahu,Waipio Uka Street-Mohalu Street,586217.618702915,3909.38988031977
130,15003003801,38.01,873923,374452,4909,Honolulu,Oahu,Kakaako Waterfront Park,873618.480712459,6215.68573756135
131,15003008013,80.13,701076,0,2634,Honolulu,Oahu,Waimano Home Road-Komo Mai Drive,700718.649367077,3407.15296910111
132,15003002500,25,424185,5297,3941,Honolulu,Oahu,Lower Pawaa,429291.798505654,2738.15611021675
133,15003002600,26,663976,0,4174,Honolulu,Oahu,Bingham Tract,663687.100515182,4737.36889658456
134,15003002702,27.02,1032236,0,4705,Honolulu,Oahu,Punahou School,1031787.79250295,4281.10382377353
135,15009030100,301,555261919,25398369,2719,Maui,Maui,Hana,556385580.824441,180460.693353602
136,15003002900,29,1175443,0,2251,Honolulu,Oahu,East Manoa,1174946.32369439,5675.58574787478
137,15003002005,20.05,103181,19032,1899,Honolulu,Oahu,Ala Wai-Niu Street,122158.621718775,1588.14755827062
138,15003001901,19.01,850221,891139,423,Honolulu,Oahu,Waikiki Beach,850056.602086003,8126.6601407462
139,15003008611,86.11,13107328,1573461,62,Honolulu,Oahu,Kahe,13099584.3870932,21359.432413291
140,15003007100,71,1243048,0,3060,Honolulu,Oahu,Nimitz Elementary School,1242426.04565392,5205.98780945219
141,15003007807,78.07,358033,0,5292,Honolulu,Oahu,Pearl Ridge High Rise,357852.492693248,3617.88762941332
142,15003007808,78.08,1101750,824634,3459,Honolulu,Oahu,Pearlridge Center,1101194.87611874,4876.44691913023
143,15003007809,78.09,2462100,0,3384,Honolulu,Oahu,Newtown,2460874.25001516,9409.78499192074
144,15003008001,80.01,1107725,819898,2664,Honolulu,Oahu,Hale Mohalu Hospital,1107153.32241682,9392.97829328886
145,15003008002,80.02,1246656,0,2897,Honolulu,Oahu,Lower Waiau,1246021.61118729,6580.61875966568
146,15003008302,83.02,1532278,0,7253,Honolulu,Oahu,Campbell High School,1531454.60449406,6275.40174244462
147,15009030901,309.01,1015028,0,2848,Maui,Maui,West Central Wailuku,1015908.29984397,5219.66358848255
148,15009030902,309.02,1309036,313246,3428,Maui,Maui,East Central Wailuku,1310194.76164811,6965.05524498698
149,15009030903,309.03,2642315,778617,6505,Maui,Maui,North Wailuku,2647900.79145056,8230.87132655677
150,15009031102,311.02,1376408,0,5865,Maui,Maui,Central Kahului,1377648.31811367,5036.8833910866
151,15009031402,314.02,23257891,2047652,3208,Maui,Maui,Kahoma,23355698.7024769,28972.5128790269
152,15009031601,316.01,365360725,59344100,3367,Maui,Lanai,Lanai,365561442.136222,92773.2035833334
153,15003008906,89.06,1658187,0,4026,Honolulu,Oahu,Mililani Golf Course,1657279.87433608,6435.91769175459
154,15003008702,87.02,1074575,0,6490,Honolulu,Oahu,St. Joseph School,1074000.37420867,5852.96039529332
155,15009030800,308,141603534,11781155,7413,Maui,Maui,Waihee-Waikapu,141774907.925837,78029.2279566954
156,15009031700,317,318120746,55565507,4441,Maui,Molokai,East Molokai,318824759.296477,127468.750172436
157,15003008912,89.12,497984,0,3103,Honolulu,Oahu,August Ahrens School,497718.375719249,3027.89551555051
158,15003008913,89.13,822532,0,5128,Honolulu,Oahu,Robinson Heights,822081.7718661,4059.48681212706
159,15003008909,89.09,1004316,0,3820,Honolulu,Oahu,Mililani District Park,1003768.40791762,4534.08407700302
160,15003008921,89.21,886827,0,3121,Honolulu,Oahu,Waipio,886356.512576269,4531.76120365018
161,15003006806,68.06,482766,0,1758,Honolulu,Oahu,Ala Lilikoi,482529.886861016,3954.74957874164
162,15003007504,75.04,1088819,0,3372,Honolulu,Oahu,Aloha Stadium,1088279.41087815,4401.8105735181
163,15003006900,69,1103115,0,3879,Honolulu,Oahu,Arizona Road,1102582.70249958,4618.37061383194
164,15003007804,78.04,459237,0,2005,Honolulu,Oahu,Lower Pearl City,458999.911517518,4072.17646318868
165,15003008609,86.09,2744929,0,2179,Honolulu,Oahu,Ko Olina-Honokai Hale,2743318.0460024,7700.2755049121
166,15003010701,107.01,3105731,1734368,4397,Honolulu,Oahu,Kokokahi,3104490.14275887,12184.4982918614
167,15003010904,109.04,965741,0,3803,Honolulu,Oahu,Maluniu Avenue,965369.105116961,4995.48132197794
168,15009030501,305.01,19846802,5193397,2493,Maui,Maui,Paia,19999435.9987651,23327.2833201683
169,15009030201,302.01,118113266,4116462,2764,Maui,Maui,Huelo,118700456.465897,67584.3956620832
170,15009030404,304.04,27257387,157491,5562,Maui,Maui,Haliimaile,27444991.9345455,28849.5175387036
171,15009031900,319,65661728,9076664,6276,Maui,Maui,Spreckelsville,66301396.6137227,46126.5621923374
172,15003010905,109.05,548324,0,2630,Honolulu,Oahu,Ulupaina Street,548115.21281907,2982.71133092443
173,15003010702,107.02,4157267,0,3832,Honolulu,Oahu,Mokulele Drive,4155569.85577685,8309.34209419376
174,15003011202,112.02,1333313,3484273,1676,Honolulu,Oahu,Lanikai,1242462.30070184,5883.36996955567
175,15003010505,105.05,2068025,3517131,3527,Honolulu,Oahu,Heeia Kea,1972651.61017724,10237.4269675646
176,15003011105,111.05,1087369,26586,3664,Honolulu,Oahu,Kailua Town,1113535.45235601,5224.99492722534
177,15003010503,105.03,1379835,0,2263,Honolulu,Oahu,Kaneohe District Park,1379251.67726236,6772.65289798672
178,15009030403,304.03,18970457,0,3522,Maui,Maui,Makawao,18992426.2936976,22838.9633003015
179,15009030705,307.05,50470522,129609,4566,Maui,Maui,Kihei Mauka,50648676.4016566,31915.1515053704
180,15009032000,320,113741784,10541422,1112,Maui,Maui,Launiupoko,113978673.663712,66624.4418982616
181,15009031801,318.01,325412593,59577320,2846,Maui,Molokai,West Molokai,326018862.543016,126948.60093531
182,15009031503,315.03,38336885,3583400,2544,Maui,Maui,Honokowai,38424994.0200865,33469.1150829932
183,15007040800,408,313964842,6422380,3769,Kauai,Kauai,Kaumakani-Hanapepe,314602997.790094,93591.6401647582
184,15009031001,310.01,7367349,0,6473,Maui,Maui,Kamaile St.,7373644.8717005,17714.5406629503
185,15009030304,303.04,110490467,99231,3269,Maui,Maui,Kula West,110706024.935953,49157.6794157751
186,15009030306,303.06,24492078,0,2243,Maui,Maui,Kula Makai,24516183.7065233,26223.1644510824
187,15009030203,302.03,15890952,70002,4334,Maui,Maui,West Haiku,15979006.606448,28037.3422906569
188,15009031504,315.04,75505561,13903591,1202,Maui,Maui,Honokohau Stream,75560149.5690189,55396.7850353655
189,15009031505,315.05,11124770,4088060,3541,Maui,Maui,Kahana Stream,11132153.1887612,17538.7747638178
190,15009030711,307.11,769271,0,2438,Maui,Maui,Kaonoulu St.,769990.111202939,4229.26168330692
191,15009030204,302.04,21011796,6656394,3558,Maui,Maui,East Haiku,21098907.0906307,30401.8860385636
192,15009030307,303.07,26620087,12922914,1542,Maui,Maui,La Perouse Bay,26645913.4562561,37959.0506378841
193,15009030713,307.13,1684115,2306244,3366,Maui,Maui,West Waipuilani Rd.,1685695.22620018,8447.95399048632
194,15009031107,311.07,4235899,86609,2079,Maui,Maui,"Maui Lani Parkway - Kuihelani Highway, South",4326325.93157911,10561.5803165796
195,15009031106,311.06,2454284,0,6002,Maui,Maui,Keopuolani Park,2456477.47033841,10052.1708635542
196,15009031002,310.02,2596881,0,4162,Maui,Maui,Liholiho St.,2599166.65452859,8344.86563452183
197,15009031105,311.05,1582545,0,6446,Maui,Maui,West Papa Ave.,1583986.36078902,6367.75638761444
198,15009030405,304.05,39197233,109238,1850,Maui,Maui,Kamehameha School,39350168.4401705,54225.2645570559
199,15009031104,311.04,1690075,0,2144,Maui,Maui,"Maui Lani Parkway - Kuihelani Highway, North",1691596.0906774,6655.0815504231
200,15009030305,303.05,320156407,3095090,5810,Maui,Maui,Lava Fields,320526722.397364,122708.238650629
201,15009030406,304.06,6869643,0,7490,Maui,Maui,Aapueo Parkway,6877140.2064769,14172.7509897301
202,15009030712,307.12,599552,0,1990,Maui,Maui,Kulanihakoi St.,600113.336921117,3267.09377672109
203,15003001000,10,8409615,0,3145,Honolulu,Oahu,Upper Palolo,8406229.59354502,15822.0592785344
204,15003005200,52,170554,35339,3001,Honolulu,Oahu,Chinatown,170476.104727224,1868.35442473262
205,15003008917,89.17,1985611,0,4579,Honolulu,Oahu,Mililani Town Center,1984545.49228116,8095.08308554412
206,15003010303,103.03,41696663,5641596,5036,Honolulu,Oahu,Kahaluu-Waikane,41984441.3992549,36520.0186427538
207,15003003000,30,1512916,0,4305,Honolulu,Oahu,Judd Hillside-Lowrey Avenue,1512270.47021559,8681.19472762787
208,15003007702,77.02,6221535,0,5487,Honolulu,Oahu,Aiea Heights,6218552.42024401,23873.4744916154
209,15003006202,62.02,143291,0,2705,Honolulu,Oahu,Linapuni Street,143224.742577738,1718.02628255227
210,15003004600,46,6856899,15431,3883,Honolulu,Oahu,Puunui-Waokanaka Street,6869355.54920547,16593.8667092261
211,15003004500,45,7714540,222694,5360,Honolulu,Oahu,Dowsett Highlands,7933846.21772614,18400.365452636
212,15003000301,3.01,8568945,0,3608,Honolulu,Oahu,Aina Haina-Hawaii Loa Ridge,8565649.92881297,16469.2350781656
213,15003008005,80.05,13237531,0,6997,Honolulu,Oahu,Pacific Palisades,13231033.1383535,27259.6485588683
214,15003008301,83.01,14875915,2411286,4553,Honolulu,Oahu,Iroquois Point,14991620.2579231,20028.8915521986
215,15003007701,77.01,1262367,1188831,4921,Honolulu,Oahu,Lower Aiea,1271269.13092474,8588.36030217992
216,15003000401,4.01,6177070,0,2758,Honolulu,Oahu,Waialae Nui Ridge-Ainakoa,6174613.14792895,14652.5823517965
217,15003009902,99.02,3914125,1076747,3998,Honolulu,Oahu,Haleiwa,3984897.26235315,11592.9864754861
218,15003011201,112.01,2451900,1235015,4611,Honolulu,Oahu,Kalaheo Avenue,2488211.39617241,14242.4802018752
219,15003005400,54,82625,0,1545,Honolulu,Oahu,Mayor Wright Housing,82588.2842234911,1178.27890449321
220,15003001801,18.01,168759,0,1119,Honolulu,Oahu,Koa Avenue,168687.123925655,1932.83991096603
221,15003007400,74,7098722,5338380,7651,Honolulu,Oahu,Ford Island,7094199.96941358,34816.4653548207
222,15007040500,405,15928522,3831410,6455,Kauai,Kauai,Lihue,16021872.0154274,28513.241715557
223,15007040900,409,233843340,17332764,5971,Kauai,Kauai,Kekaha-Waimea,234253080.21316,72021.6961392253
224,15007940000,9400,142876703,8073643,4163,Kauai,Kauai,Anahola,143267305.402107,77637.8745660188
225,15007040105,401.05,109127923,9577788,4393,Kauai,Kauai,Kalihiwai-Kilauea,109910384.934863,77752.3696505463
226,15007040301,403.01,6017641,19402,6843,Kauai,Kauai,Kapahi,6032388.58623621,11958.1747843205
227,15007040701,407.01,63516001,469809,2704,Kauai,Kauai,South Kalaheo-Eleele,63939105.7070814,51160.2626088886
228,15007040302,403.02,3334378,2277120,2127,Kauai,Kauai,Kapaa Town,3383123.21352707,12820.9756851582
229,15007040401,404.01,197848526,9508393,7324,Kauai,Kauai,Lihue-Kukui Grove Mall,198759449.725038,99816.5454222572
230,15007040702,407.02,29489150,5189068,6315,Kauai,Kauai,Kalaheo-Kalawai Park,29757553.9686368,31055.7210824368
231,15007040402,404.02,6259849,16926,3158,Kauai,Kauai,Hanamaulu-Lower Puhi,6271995.62480598,16700.0217513632
232,15007040106,401.06,6737031,2810423,2157,Kauai,Kauai,Princeville,6848753.82655279,15718.6909675988
233,15003011106,111.06,3858120,30252,6143,Honolulu,Oahu,Keolu,3886941.28910925,13984.3152738391
234,15003000200,2,10040042,666763,5745,Honolulu,Oahu,Kuliouou,10036306.658458,16411.9611101295
235,15003009100,91,32871406,296694,5684,Honolulu,Oahu,Kaukonahua Road,33150703.0360539,46189.539555778
236,15003010601,106.01,1154114,132618,3921,Honolulu,Oahu,Puohala,1205476.08104931,6189.86120596734
237,15003010202,102.02,33345457,6688962,7391,Honolulu,Oahu,Laie,33217340.2708875,35150.9997481737
238,15003010602,106.02,2005521,0,5986,Honolulu,Oahu,Castle High School-Halekou Road,2004683.57794783,8063.46754476203
239,15003000110,1.10,6653728,1030241,4254,Honolulu,Oahu,Kalama Valley,6651548.73300256,15469.3032978494
240,15003000402,4.02,3007279,0,4147,Honolulu,Oahu,Waialae Iki,3006090.90269161,8597.20257887167
241,15003000800,8,1118867,0,3770,Honolulu,Oahu,Kaimuki: Kapiolani Community College,1118401.3239596,5038.32471523833
242,15003000500,5,2880153,1030320,3872,Honolulu,Oahu,Waialae-Kahala,2878982.48362355,10547.6753488447
243,15007041200,412,174786764,44825757,84,Kauai,Niihau,Niihau-Kaula,179090499.332911,89327.9135500346
244,15001021013,210.13,132371424,7076569,4820,Hawaii,Hawaii,Keaau,132857128.394139,67428.3846006984
245,15001021003,210.03,33863416,0,7423,Hawaii,Hawaii,Orchidland-Ainaloa,33983515.6568874,24469.7528481922
246,15001021402,214.02,41940841,6313950,3876,Hawaii,Hawaii,Konawaena,42016598.7571153,45741.254680792
247,15001021902,219.02,298755647,32762078,4212,Hawaii,Hawaii,Honokaa-Kukuihaele,299501712.630263,104102.768634659
248,15001021101,211.01,106330124,11164968,2793,Hawaii,Hawaii,Kalapana-Kapoho,106734121.568399,63466.6087681361
249,15001021504,215.04,30723973,7543019,5932,Hawaii,Hawaii,Kealakehe,30935335.1109252,29568.4982498924
250,15005031900,319,31057603,14125745,82,Maui,Molokai,Kalawao,30979764.1907574,51742.624911267
251,15009030708,307.08,3539043,1092441,3157,Maui,Maui,Halama,3542396.81130115,7981.69844134798
252,15009030710,307.10,1271811,979717,2403,Maui,Maui,Keawakapu,1273026.20454869,4881.74657270893
253,15009030709,307.09,2388109,1224208,3434,Maui,Maui,Kamaole,2390382.7238918,8467.4674753096
254,15009031404,314.04,1508541,1873693,3223,Maui,Maui,Lahaina,1510335.12154393,9875.92811831428
255,15009030706,307.06,1018158,1535828,2472,Maui,Maui,Kealia,1021265.47605227,9786.05916843282
256,15009031501,315.01,3496515,2963298,2367,Maui,Maui,Kapalua,3512375.84345262,11040.7677314778
257,15009031405,314.05,17195381,13209,6280,Maui,Maui,Lahainaluna,17220481.6576369,24591.8993520413
258,15003010901,109.01,3250335,0,3256,Honolulu,Oahu,Kalaheo Hillside,3249072.2298076,8067.68365546309
259,15003010903,109.03,824049,0,4157,Honolulu,Oahu,Oneawa Street-Kawainui,823731.71486979,4749.03847132413
260,15003011104,111.04,1644114,348988,5089,Honolulu,Oahu,Enchanted Lakes,1992356.5402214,5898.8640998487
261,15003981000,9810,3530439,0,30,Honolulu,Oahu,Kawainui Marsh,3529060.6536338,9379.92731595915
262,15003980300,9803,5797098,2519490,16,Honolulu,Oahu,Campbell Industrial Park,5793706.52397357,11248.0745851892
263,15003011500,115,4391327,0,11046,Honolulu,Oahu,Kapolei,4388823.70311947,11212.9046517163
264,15009980000,9800,115833299,23382120,0,Maui,Kahoolawe,Kahoolawe,116852251.702992,66700.4784829351
265,15003981400,9814,1560611,4565993,96,Honolulu,Oahu,Nimitz-Airport Commercial,1548882.72053,14024.7106275885
266,15003008410,84.10,1848730,0,6931,Honolulu,Oahu,Coral Creek Golf Course,1847712.788619,5981.41943277772
267,15003008408,84.08,4046144,389494,9057,Honolulu,Oahu,Hoakalei Country Club,4043918.59992845,9509.11787787776
268,15003008502,85.02,19774809,1720917,2364,Honolulu,Oahu,Kalaeloa,19763508.5751536,26244.7018601772
269,15003008930,89.30,1038723,0,2416,Honolulu,Oahu,Mililani: Ainamakua Drive,1038169.8496017,4723.59978101022
270,15003980800,9808,1939134,0,3,Honolulu,Oahu,Hoomaluhia Botanical Garden,1938319.44038699,6919.63200603653
271,15003009000,90,6709368,0,2412,Honolulu,Oahu,Wheeler-East Range,6705649.73682972,13101.2341667414
272,15003000302,3.02,1828507,546862,2702,Honolulu,Oahu,Wailupe,1827796.5829781,12437.4508823249
273,15003000600,6,3089851,862832,1276,Honolulu,Oahu,Diamond Head,3088560.10753811,9156.26357645086
274,15003980000,9800,4989905,2286839,0,Honolulu,Oahu,Hanauma Bay,4988192.15455801,15214.0607271143
275,15003000114,1.14,1226013,705184,1726,Honolulu,Oahu,Portlock,1225574.74640035,8996.7584251074
276,15003008926,89.26,2317363,0,1742,Honolulu,Oahu,Laulani Valley-Mililani Technology Park,2316116.14836374,10898.9109437211
277,15003002004,20.04,129547,26306,1140,Honolulu,Oahu,International Market Place,155785.142492807,2408.95286767586
278,15003002006,20.06,147623,13025,2267,Honolulu,Oahu,Ala Wai-Olohana Street,160578.853847685,1849.25573072094
279,15003003603,36.03,161676,0,3181,Honolulu,Oahu,Ahana Street,161605.354773449,1598.25098661025
280,15003003604,36.04,189132,0,2554,Honolulu,Oahu,Kaheka Street-Makaloa Street,189048.483213229,1998.54337832142
281,15003007302,73.02,2794870,482425,4172,Honolulu,Oahu,Hangar Avenue-Vickers Avenue,2793446.08922816,8555.19009979497
282,15003008407,84.07,731164,0,3778,Honolulu,Oahu,Ocean Pointe,730769.082324965,3778.39413580897
283,15003008411,84.11,1291606,0,3609,Honolulu,Oahu,Geiger Road,1290893.53089421,6548.92669108922
284,15003008405,84.05,1074074,0,4988,Honolulu,Oahu,Holomua School,1073489.11748849,4546.41976560795
285,15003008929,89.29,1355157,0,4906,Honolulu,Oahu,Mililani Mauka-Meheula Parkway,1354431.72468144,5689.03612218285
286,15003008928,89.28,1277730,0,4102,Honolulu,Oahu,Mililani Mauka Middle School,1277054.47562833,4851.82777029052
287,15003010308,103.08,9887610,0,3427,Honolulu,Oahu,Kapunahala,9883434.67623882,24033.5609412745
288,15003010508,105.08,803622,935124,2748,Honolulu,Oahu,Lilipuna Road,803289.193965294,5960.67590967515
289,15003010507,105.07,1264551,0,5510,Honolulu,Oahu,Kahuhipa Street,1264011.25012989,6761.60998387027
290,15003981100,9811,5938141,0,167,Honolulu,Oahu,Bellows Air Force Base,5935992.47246315,13720.2683473779
291,15003001803,18.03,107215,22289,2911,Honolulu,Oahu,Tusitala Street,129448.477764033,1928.05151986322
292,15003002003,20.03,143947,0,2126,Honolulu,Oahu,Seaside Avenue,143885.246374671,1611.79586501409
293,15003003501,35.01,297789,0,2286,Honolulu,Oahu,Academy of Arts,297654.601400922,2249.69481475017
294,15003008947,89.47,272431,0,1846,Honolulu,Oahu,Ka Uka Boulevard-Ukee Street,272285.400080368,2197.76255233512
295,15003008950,89.50,415010,0,2068,Honolulu,Oahu,Kunia Neighborhood Park,414783.404405355,5470.88581416341
296,15003010205,102.05,30971746,1977581,1693,Honolulu,Oahu,Kaaawa,31060935.6637785,27015.7372655647
297,15003008944,89.44,635831,0,3517,Honolulu,Oahu,Koolani Drive-Hoolu Street,635489.214779034,3724.90366582841
298,15003008942,89.42,602890,0,2370,Honolulu,Oahu,Mililani Shopping Center,602563.575383266,5066.63685708043
299,15003008939,89.39,1289320,0,2595,Honolulu,Oahu,Melemanu Neighborhood Park,1288616.62973299,5491.86046530945
300,15003003413,34.13,146393,0,2532,Honolulu,Oahu,Hawaiian Mission Academy HS Campus,146327.235211982,1868.52588663748
301,15003008945,89.45,4332486,0,1436,Honolulu,Oahu,Ka Uka Boulevard-Moaniani Street,4330171.17807108,12467.7518684331
302,15003003411,34.11,59451,0,1231,Honolulu,Oahu,Prospect Tower,59424.5009431749,1088.37572271113
303,15003000903,9.03,615749,0,3039,Honolulu,Oahu,Lower Wilhelmina,615493.297930534,3918.1577314639
304,15003000700,7,974063,0,3215,Honolulu,Oahu,Kaimuki: 22nd Avenue,973660.796228459,5051.59357679874
305,15003001201,12.01,533270,0,3022,Honolulu,Oahu,Waialae Avenue-Pukele Avenue,533047.175026117,4083.68665169258
306,15003001202,12.02,520727,0,3254,Honolulu,Oahu,Lower Palolo,520509.225454253,3325.62928358524
307,15003001300,13,928081,0,4437,Honolulu,Oahu,Kaimuki: 6th Avenue,927691.824225789,4311.48672416093
308,15003000901,9.01,838133,0,2622,Honolulu,Oahu,Waialae Nui Valley,837794.292205822,5679.15681915599
309,15003008610,86.10,2131293,2036795,1240,Honolulu,Oahu,Ko Olina Resort,2130025.00006059,11059.1449969757
310,15003000108,1.08,936614,438378,3213,Honolulu,Oahu,Hawaii Kai Marina,1002931.92889669,13492.8382217273
311,15003011103,111.03,3247856,0,4212,Honolulu,Oahu,Olomana,3246618.59541623,10693.9960959324
312,15003002401,24.01,169232,0,2912,Honolulu,Oahu,Lower McCully,169158.61841985,1798.92479240293
313,15003008918,89.18,2346662,0,5529,Honolulu,Oahu,Mililani: Nob Hill,2345397.7170032,11018.2871562424
314,15003000107,1.07,2785345,236436,2740,Honolulu,Oahu,Kuapa Isle,2784387.62338044,11419.5453488695
315,15003010305,103.05,4011503,6549474,5356,Honolulu,Oahu,Ahuimanu,3962782.77001099,16201.1543052539
316,15003000118,1.18,2742007,0,1771,Honolulu,Oahu,Hawaii Kai Drive,2741046.01482008,9452.08359887035
317,15003000116,1.16,1207840,0,2500,Honolulu,Oahu,Kuapa Preschool,1207407.99813273,8082.5579762068
318,15003003412,34.12,141286,0,1618,Honolulu,Oahu,Makiki Cemetery,141223.206834577,1708.9395657006
319,15003980600,9806,30230272,0,9,Honolulu,Oahu,Schofield Forest Reserve,30212484.1774881,26764.9052874144
320,15003010000,100,189885427,4509600,3768,Honolulu,Oahu,Kawailoa,189973578.83815,68049.0964911994
321,15003009801,98.01,54594260,12016633,3805,Honolulu,Oahu,Makua Valley,54561287.0611715,44890.3385275925
322,15003009507,95.07,1755386,0,2734,Honolulu,Oahu,Schofield: McCarthy Field,1754390.71683118,10327.4322378353
323,15003009608,96.08,45664163,5582960,5664,Honolulu,Oahu,Lualualei Transmitter,45669258.2323769,42874.9161851863
324,15003009704,97.04,5708085,13175,3553,Honolulu,Oahu,Lualualei: Halona Road,5717752.75935297,17208.1947959913
325,15003011000,110,24716373,0,3697,Honolulu,Oahu,Maunawili,24706585.5432759,32298.6823260464
326,15003011300,113,15157039,0,6057,Honolulu,Oahu,Waimanalo,15151394.011389,18238.9995476229
327,15003940007,9400.07,770613,1269951,2059,Honolulu,Oahu,Pacific Shopping Mall,770146.352379095,4314.49201526266
328,15003010510,105.10,863765,334296,3273,Honolulu,Oahu,Kaneohe Civic Center Neighborhood Park,863410.478833106,4492.78597930819
329,15003980200,9802,9010033,3413815,304,Honolulu,Oahu,Honolulu International Airport,9005606.86458673,21959.8733224582
330,15003982200,9822,8329938,5954400,31,Honolulu,Oahu,Waipio Peninsula,8353347.11657264,25177.8858988714
331,15003010203,102.03,21505355,3849233,1381,Honolulu,Oahu,Punaluu,21495018.944871,23713.0378115703
332,15003008936,89.36,798178,0,3275,Honolulu,Oahu,Kaleiopuu Elementary School,797739.886202886,4493.59212988938
333,15003006811,68.11,938238,0,1047,Honolulu,Oahu,Aliamanu Mauka,937784.545689955,5870.11451783473
334,15003940003,9400.03,1265005,213052,2509,Honolulu,Oahu,Waimanalo Bay Beach Park,1264560.5559206,8129.52540254103
335,15003006500,65,9692152,0,4694,Honolulu,Oahu,Upper Kalihi Valley,9687890.00145306,15006.6827678812
336,15003002204,22.04,53213,0,1308,Honolulu,Oahu,Ala Wai Skyrise,53189.9843490822,1021.59982390235
337,15003003103,31.03,4509189,0,1567,Honolulu,Oahu,Waiakeakua Stream,4507329.589221,14726.5827220657
338,15003009508,95.08,704460,0,991,Honolulu,Oahu,Carpenter Street-Henderson Loop,704057.692957769,4348.06212800697
339,15003006818,68.18,76882,0,1695,Honolulu,Oahu,Hoa Aloha Neighborhood Park,76844.9771483083,1105.46371368366
340,15001021203,212.03,2027060602,32039699,6111,Hawaii,Hawaii,Kau,2032372488.22099,266028.660139151
341,15001021204,212.04,380903059,54803217,2868,Hawaii,Hawaii,Ka Lae,382059528.527298,121509.783937308
342,15001021606,216.06,6606175,0,4120,Hawaii,Hawaii,Pua'a,6617393.18483504,15922.0142367557
343,15001021608,216.08,2878398,2958905,3832,Hawaii,Hawaii,Puapua'a- Banyans,2883252.2617917,9861.50921895291
344,15001021605,216.05,11049988,4186549,3787,Hawaii,Hawaii,Kailua,11068645.5988509,22212.1951876921
345,15001021512,215.12,17315081,0,4531,Hawaii,Hawaii,Kaloko- O'oma,17343413.0905817,18744.2834188224
346,15001021513,215.13,227425304,47896974,6109,Hawaii,Hawaii,Kalaoa,228063302.230976,88575.1877698981
347,15001021107,211.07,475054271,2354866,1365,Hawaii,Hawaii,Kilauea- Pahoa,476672280.984735,105835.38265245
348,15001021706,217.06,415932602,68564,3795,Hawaii,Hawaii,Waimea - Pu'u Anahulu,416912020.69258,113238.384451034
349,15001021015,210.15,18015920,2778653,6080,Hawaii,Hawaii,Hawaiian Paradise Park- Maku'u,18081698.3999734,21082.3388790901
350,15001021014,210.14,20562622,81618,8402,Hawaii,Hawaii,Hawaiian Paradise Park- Kaloli,20636872.755555,20739.0596311057
351,15001021108,211.08,112495867,13897484,6336,Hawaii,Hawaii,Pahoa- Makai,112921329.623878,49284.198148614
352,15001021607,216.07,4964854,0,4452,Hawaii,Hawaii,Holualoa,4973355.50932404,11631.4786558825
353,15001021707,217.07,161787305,0,4997,Hawaii,Hawaii,Waikoloa - South Kohala,162121727.296926,58373.1425899266
354,15001021708,217.08,204154849,37837697,4152,Hawaii,Hawaii,Kawaihae - Anaeho'omalu,204691385.901946,117627.848517272
355,15001021017,210.17,81731921,0,4572,Hawaii,Hawaii,Kea'au- Fern Forest,81999236.0684264,48682.7848794341
356,15001021705,217.05,107768836,31425,6366,Hawaii,Hawaii,Waimea - Kohala,108033172.123805,67597.8171477195
357,15001021510,215.10,22728854,10331393,3550,Hawaii,Hawaii,Kaumalumalu-Keahou,22768243.9969993,28260.0419679187
358,15001021511,215.11,3507435,0,1568,Hawaii,Hawaii,Kahalu'u Mauka,3513519.30370472,15985.152491641
359,15001021016,210.16,69452681,0,5525,Hawaii,Hawaii,Kea'au- Hawaiian Acres,69690822.6795079,37455.3806081059
360,15003008952,89.52,4006148,0,6000,Honolulu,Oahu,Patsy T. Mink Central Oahu Regional Park,4003986.07356619,16422.4102348954
361,15003004402,44.02,3238893,0,2550,Honolulu,Oahu,Upper Pauoa Stream,3237488.16733625,15071.2594023561
362,15003008948,89.48,624812,0,2839,Honolulu,Oahu,Kanoelani Elementary School,624479.204695527,3564.81642024427
363,15003001502,15.02,338405,0,2334,Honolulu,Oahu,Kapahulu Center,338262.940440854,2794.58713351843
364,15003002801,28.01,673469,0,1778,Honolulu,Oahu,Chaminade University,673186.713038704,5423.22485587977
365,15003002403,24.03,101685,0,1567,Honolulu,Oahu,McCully-Moiliili Public Library,101640.999497567,1339.05051549832
366,15003004101,41.01,159288,0,1618,Honolulu,Oahu,Dole Community Park,159215.96103014,2129.38910803205
367,15003001101,11.01,319009,0,1961,Honolulu,Oahu,Palolo Elementary,318878.209580362,3478.76796533539
368,15003006819,68.19,88453,0,2646,Honolulu,Oahu,Likini Street-Ala Nani Street,88409.8978119418,2115.26689211511
369,15003008415,84.15,598556,0,4275,Honolulu,Oahu,Hoalauna Community Park,598227.735687283,3321.72431031509
370,15003008940,89.40,1248797,0,2936,Honolulu,Oahu,Waimakua Drive-Wailawa Street,1248118.79746593,6084.29210657768
371,15003008413,84.13,477453,0,3400,Honolulu,Oahu,Puuloa Neighborhood Park,477195.388403182,3173.25761194994
372,15003008416,84.16,258759,0,2217,Honolulu,Oahu,Kolowaka Drive-Koka Street,258617.185584563,2662.54036758431
373,15003008801,88.01,400554,0,4056,Honolulu,Oahu,Paiwa Street-Hiapo Street,400337.65313527,2643.40845347886
374,15003009705,97.05,1373632,1647915,3640,Honolulu,Oahu,Lualualei Beach Park,1372777.61255256,7501.49069022868
375,15003000904,9.04,648298,0,1975,Honolulu,Oahu,Mauumae Nature Park,648032.936828557,3753.39976615682
376,15003001907,19.07,65444,0,2546,Honolulu,Oahu,Wailana at Waikiki,65415.3641724303,1028.2182172643
377,15003000121,1.21,478871,334344,2774,Honolulu,Oahu,Kuapa Pond,478702.815152618,6901.09936951382
378,15003000117,1.17,868691,0,1464,Honolulu,Oahu,Mariner's Ridge,868384.351505937,8011.39274490294
379,15003002206,22.06,101102,3335,1961,Honolulu,Oahu,Mahiai Street,104392.553411449,1637.5792752544
380,15003003802,38.02,293396,0,5114,Honolulu,Oahu,Kapiolani Boulevard-Cooke Street,293265.190632423,2233.59540591885
381,15003004401,44.01,480751,0,2536,Honolulu,Oahu,Pauoa Elementary School,480536.924692404,3389.0822357224
382,15003005601,56.01,155099,3493,1808,Honolulu,Oahu,Likelike Elementary School,158519.780229194,2153.39323705081
383,15003982100,9821,47892,0,1,Honolulu,Oahu,Makiki District Park,47871.1053053526,925.481511337047
384,15003003410,34.10,69504,0,1482,Honolulu,Oahu,Wilder Avenue-Kewalo Street,69474.5565148159,1157.06152649025
385,15003003702,37.02,264985,0,3929,Honolulu,Oahu,Ward Village Shops,264866.509239733,2876.18261544123
386,15003001905,19.05,55012,6110,1377,Honolulu,Oahu,Waikiki Marina Tower,61094.9584506088,991.128521917487
387,15003009203,92.03,965057,13047,2260,Honolulu,Oahu,Leilehua High School,977571.869244081,5545.41232530683
388,15001020202,202.02,634667975,1275028,2035,Hawaii,Hawaii,Hilo: Upper Waiakea Forest Reserve,636692536.99776,149587.279576319
389,15001021011,210.11,246349025,7555,4388,Hawaii,Hawaii,Volcano-Mt. View,247120420.553778,76248.4552201431
390,15001022102,221.02,830361065,17387720,2114,Hawaii,Hawaii,North Hilo,832674939.815912,207425.163544689
391,15003940004,9400.04,6513977,4493292,2331,Honolulu,Oahu,Makapuu Point,6204958.24467621,22573.4173873507
392,15003008934,89.34,21655090,8307,3526,Honolulu,Oahu,Royal Kunia Golf Course,21651365.4988759,25244.1524416399
393,15003008949,89.49,728667,0,1540,Honolulu,Oahu,Waikele Country Club,728275.584550905,3622.83548870111
394,15003008938,89.38,306633,0,3242,Honolulu,Oahu,Pacific Supermarket,306465.771272981,2450.07447115512
395,15003008705,87.05,638241,164912,3250,Honolulu,Oahu,Waipahu Intermediate School,637894.29473678,7041.82707403625
396,15003008951,89.51,290955,0,2101,Honolulu,Oahu,Kupuna Loop-Kaaka Street,290795.489657349,2150.56871259314
397,15003008011,80.11,1538057,0,2697,Honolulu,Oahu,Manana Elementary School,1537259.32840721,9100.89511730582
398,15003009707,97.07,19773241,4195379,6575,Honolulu,Oahu,Waianae Valley Road,19776842.7062847,27536.3129421106
399,15003005602,56.02,780491,7220,5124,Honolulu,Oahu,Farrington High School,787349.064994812,4964.46089009414
400,15003009905,99.05,3163067,513761,3879,Honolulu,Oahu,Waialua District Park,3161175.45435103,10339.4920086624
401,15003006817,68.17,462882,0,4809,Honolulu,Oahu,Likini Street-Maluna Street,462653.458038322,3540.90771022618
402,15003003503,35.03,184753,0,1500,Honolulu,Oahu,Piikoi Street-South Beterania Street,184670.655986072,1756.42330770824
403,15003003408,34.08,91179,0,2256,Honolulu,Oahu,Davenport Street,91138.7928378607,1325.02171605348
404,15003010309,103.09,9015820,0,3897,Honolulu,Oahu,Valley of the Temples Memorial Park,9011880.41008858,16370.1189904744
405,15003981900,9819,7898149,3576660,349,Honolulu,Oahu,Malama Bay Golf Course,7894164.95474622,14824.880586952
406,15003000905,9.05,844299,0,2357,Honolulu,Oahu,Maunalani Community Park,843951.390485273,5147.60668675456
407,15003001601,16.01,314083,0,1981,Honolulu,Oahu,Kanaina Avenue,313949.35811047,2483.41781377021
408,15003002404,24.04,156731,0,1423,Honolulu,Oahu,Old Stadium Park,156663.430205794,1681.8388431389
409,15003002802,28.02,1631441,0,2353,Honolulu,Oahu,Kalaepohaku Park,1630760.52838358,9169.35087454746
410,15003003703,37.03,1311950,950382,3457,Honolulu,Oahu,Ala Moana Shopping Center,1327758.16950789,8830.96221098654
411,15003008634,86.34,684932,0,2800,Honolulu,Oahu,Panana Street-Hame Street,684536.902540193,4513.99143712584
412,15003008706,87.06,1307183,1679794,3650,Honolulu,Oahu,Kapapapuhi Point Park,1239073.67996721,6998.39872809424
413,15003008632,86.32,2832736,0,5317,Honolulu,Oahu,Makakilo Elementary School,2831095.38685761,8691.27088723459
414,15003006813,68.13,1839499,12390,4680,Honolulu,Oahu,Honolulu Country Club,1850994.99025764,7606.50659034924
415,15003007001,70.01,1357862,0,1565,Honolulu,Oahu,Navy Exchange Mall,1357187.7996655,6036.93784336546
416,15003980700,9807,20470253,395265,0,Honolulu,Oahu,Schofield Barracks East Range,20854713.8933004,30497.080276756
417,15003008931,89.31,71979418,0,3224,Honolulu,Oahu,Waiawa Prison,71943152.3003598,43510.8201414167
418,15003001804,18.04,146044,0,1785,Honolulu,Oahu,Jefferson School,145980.849712776,1548.78393546359
419,15001020400,204,2702028,2217184,3517,Hawaii,Hawaii,Hilo:  Villa Franca-Kaikoo,2783669.35076358,7951.11685276105
420,15001020600,206,48334608,12722914,5631,Hawaii,Hawaii,Hilo: Keaukaha-Panaewa,48635413.554738,47414.5439514119
421,15001020801,208.01,30252027,1492,4365,Hawaii,Hawaii,Hilo: Kahuku-Kaumana,30351904.5883227,38903.0709472915
422,15001020900,209,28714259,0,4802,Hawaii,Hawaii,Hilo:  Haihai,28809736.5762402,28039.3316345639
423,15001020300,203,3299915,488896,3822,Hawaii,Hawaii,Hilo: Puueo-Downtown,3329953.44679279,16556.8452720295
424,15001021502,215.02,937936183,49782,5432,Hawaii,Hawaii,Hualalai,939850589.867101,158509.347506807
425,15001020100,201,251395866,10656236,5433,Hawaii,Hawaii,Paukaa-Wailea,252265474.353848,85925.1061506865
426,15001022000,220,1203112595,20971047,2678,Hawaii,Hawaii,Paauhau-Paauilo,1206156597.95516,199012.973829898
427,15001020500,205,6092956,96345,5944,Hawaii,Hawaii,Hilo:  University-Houselots,6210280.01662457,11801.6648782671
428,15001020802,208.02,10684695,0,6544,Hawaii,Hawaii,Hilo:  Piihonua-Kaumana,10719996.5996345,14548.5640684145
429,15001020701,207.01,4736499,0,4811,Hawaii,Hawaii,Hilo:  Puainako,4752563.67654705,11113.2268379449
430,15001021300,213,811422774,57244562,5913,Hawaii,Hawaii,South Kona,813579428.192841,177401.464710392
431,15007040104,401.04,202675044,14670824,1557,Kauai,Kauai,Haena-Hanalei,203254429.503127,84553.3179326451
432,15007040204,402.04,20390070,243535,5735,Kauai,Kauai,Wailua Houselots,20617872.6321892,25304.5390432121
433,15007040205,402.05,15716170,1328544,4069,Kauai,Kauai,Wailua Homesteads,15848009.6520805,19010.1919827014
434,15007040604,406.04,21724886,2371158,3538,Kauai,Kauai,Omao-Kukuiula,22192409.561531,25909.9010669351
435,15007040603,406.03,41255876,7041518,2936,Kauai,Kauai,Koloa-Poipu,42855769.8400037,34448.9706295831
